{
  "toggle_mod": true,
  "animation_speed": 200,
  "curve_points": [
    [
      0.4375,
      0.20738354
    ],
    [
      0.7109375,
      0.833003
    ]
  ]
}